{
  "protocol_version" : "0.0.4",
  "configuration" : {
    "version" : "(6.4.0.198) (2019-06/fe64a4765e6)",
    "tlc" : "normal",
    "sigsgev" : "altstack",
    "notifications" : "kqueue",
    "architecture" : "amd64",
    "disabled_features" : "none",
    "smallconfig" : "disabled",
    "bigarrays" : "disabled",
    "softdebug" : "enabled",
    "interpreter" : "enabled",
    "llvm_support" : "0",
    "suspend" : "hybrid"
  },
  "memory" : {
    "Resident Size" : "63123456",
    "Virtual Size" : "4552364032",
    "minor_gc_time" : "0",
    "major_gc_time" : "0",
    "minor_gc_count" : "0",
    "major_gc_count" : "0",
    "major_gc_time_concurrent" : "0"
 },
  "threads" : [
 {
    "is_managed" : false,
    "offset_free_hash" : "0x0",
    "offset_rich_hash" : "0x0",
    "crashed" : false,
    "native_thread_id" : "0x7fffa4324380",
    "thread_info_addr" : "0x7f8641005200",
    "thread_name" : "tid_307",
    "ctx" : {
      "IP" : "0x7fff6b974a16",
      "SP" : "0x7ffee4e06c68",
      "BP" : "0x7ffee4e06d00"
  },
    "unmanaged_frames" : [
  {
      "native_address" : "unregistered"
   }
,
  {
      "native_address" : "unregistered"
   }
,
  {
      "native_address" : "unregistered"
   }
,
  {
      "native_address" : "unregistered"
   }
,
  {
      "native_address" : "unregistered"
   }
,
  {
      "native_address" : "unregistered"
   }
,
  {
      "native_address" : "unregistered"
   }
,
  {
      "native_address" : "unregistered"
   }
,
  {
      "native_address" : "unregistered"
   }
,
  {
      "native_address" : "unregistered"
   }
,
  {
      "native_address" : "unregistered"
   }
,
  {
      "native_address" : "unregistered"
   }
,
  {
      "native_address" : "unregistered"
   }
,
  {
      "native_address" : "unregistered"
   }

  ]
 },
 {
    "is_managed" : true,
    "offset_free_hash" : "0xc6f85e0a7",
    "offset_rich_hash" : "0xc6f85e319",
    "crashed" : true,
    "native_thread_id" : "0x700009875000",
    "thread_info_addr" : "0x7f864201f800",
    "thread_name" : "Thread Pool Worker",
    "ctx" : {
      "IP" : "0x7fff6b974b66",
      "SP" : "0x700009873528",
      "BP" : "0x700009873560"
  },
    "managed_frames" : [
  {
      "native_address" : "unregistered"
   }
,
  {
      "is_managed" : "true",
      "guid" : "B814B509-D4AD-406F-B40C-6C93E38929E7",
      "token" : "0x00000",
      "native_offset" : "0x0",
      "filename" : "mscorlib.dll",
      "sizeofimage" : "0x46e000",
      "timestamp" : "0xa802d507",
      "il_offset" : "0x0000c"
   }
,
  {
      "is_managed" : "true",
      "guid" : "B814B509-D4AD-406F-B40C-6C93E38929E7",
      "token" : "0x6001f1e",
      "native_offset" : "0x0",
      "filename" : "mscorlib.dll",
      "sizeofimage" : "0x46e000",
      "timestamp" : "0xa802d507",
      "il_offset" : "0x00002"
   }
,
  {
      "is_managed" : "true",
      "guid" : "987FD6D5-379B-4DCE-A9FD-74D2E8F8FDC9",
      "token" : "0x6000084",
      "native_offset" : "0x0",
      "filename" : "MonoDevelop.MSBuildBuilder.exe",
      "sizeofimage" : "0x14000",
      "timestamp" : "0xf5ef715b",
      "il_offset" : "0x000ae"
   }
,
  {
      "is_managed" : "true",
      "guid" : "987FD6D5-379B-4DCE-A9FD-74D2E8F8FDC9",
      "token" : "0x6000083",
      "native_offset" : "0x0",
      "filename" : "MonoDevelop.MSBuildBuilder.exe",
      "sizeofimage" : "0x14000",
      "timestamp" : "0xf5ef715b",
      "il_offset" : "0x00001"
   }
,
  {
      "is_managed" : "true",
      "guid" : "987FD6D5-379B-4DCE-A9FD-74D2E8F8FDC9",
      "token" : "0x600006a",
      "native_offset" : "0x0",
      "filename" : "MonoDevelop.MSBuildBuilder.exe",
      "sizeofimage" : "0x14000",
      "timestamp" : "0xf5ef715b",
      "il_offset" : "0x00048"
   }
,
  {
      "is_managed" : "true",
      "guid" : "987FD6D5-379B-4DCE-A9FD-74D2E8F8FDC9",
      "token" : "0x60000a1",
      "native_offset" : "0x0",
      "filename" : "MonoDevelop.MSBuildBuilder.exe",
      "sizeofimage" : "0x14000",
      "timestamp" : "0xf5ef715b",
      "il_offset" : "0x00001"
   }
,
  {
      "is_managed" : "true",
      "guid" : "987FD6D5-379B-4DCE-A9FD-74D2E8F8FDC9",
      "token" : "0x6000067",
      "native_offset" : "0x0",
      "filename" : "MonoDevelop.MSBuildBuilder.exe",
      "sizeofimage" : "0x14000",
      "timestamp" : "0xf5ef715b",
      "il_offset" : "0x00001"
   }
,
  {
      "is_managed" : "true",
      "guid" : "987FD6D5-379B-4DCE-A9FD-74D2E8F8FDC9",
      "token" : "0x6000075",
      "native_offset" : "0x0",
      "filename" : "MonoDevelop.MSBuildBuilder.exe",
      "sizeofimage" : "0x14000",
      "timestamp" : "0xf5ef715b",
      "il_offset" : "0x00057"
   }
,
  {
      "is_managed" : "true",
      "guid" : "987FD6D5-379B-4DCE-A9FD-74D2E8F8FDC9",
      "token" : "0x00000",
      "native_offset" : "0x0",
      "filename" : "MonoDevelop.MSBuildBuilder.exe",
      "sizeofimage" : "0x14000",
      "timestamp" : "0xf5ef715b",
      "il_offset" : "0x0002a"
   }
,
  {
      "native_address" : "unregistered"
   }
,
  {
      "is_managed" : "true",
      "guid" : "B814B509-D4AD-406F-B40C-6C93E38929E7",
      "token" : "0x00000",
      "native_offset" : "0x0",
      "filename" : "mscorlib.dll",
      "sizeofimage" : "0x46e000",
      "timestamp" : "0xa802d507",
      "il_offset" : "0x0000c"
   }
,
  {
      "is_managed" : "true",
      "guid" : "B814B509-D4AD-406F-B40C-6C93E38929E7",
      "token" : "0x60048bc",
      "native_offset" : "0x0",
      "filename" : "mscorlib.dll",
      "sizeofimage" : "0x46e000",
      "timestamp" : "0xa802d507",
      "il_offset" : "0x00000"
   }
,
  {
      "is_managed" : "true",
      "guid" : "987FD6D5-379B-4DCE-A9FD-74D2E8F8FDC9",
      "token" : "0x6000039",
      "native_offset" : "0x0",
      "filename" : "MonoDevelop.MSBuildBuilder.exe",
      "sizeofimage" : "0x14000",
      "timestamp" : "0xf5ef715b",
      "il_offset" : "0x00019"
   }
,
  {
      "is_managed" : "true",
      "guid" : "987FD6D5-379B-4DCE-A9FD-74D2E8F8FDC9",
      "token" : "0x6000166",
      "native_offset" : "0x0",
      "filename" : "MonoDevelop.MSBuildBuilder.exe",
      "sizeofimage" : "0x14000",
      "timestamp" : "0xf5ef715b",
      "il_offset" : "0x00029"
   }
,
  {
      "is_managed" : "true",
      "guid" : "987FD6D5-379B-4DCE-A9FD-74D2E8F8FDC9",
      "token" : "0x6000181",
      "native_offset" : "0x0",
      "filename" : "MonoDevelop.MSBuildBuilder.exe",
      "sizeofimage" : "0x14000",
      "timestamp" : "0xf5ef715b",
      "il_offset" : "0x00001"
   }
,
  {
      "is_managed" : "true",
      "guid" : "B814B509-D4AD-406F-B40C-6C93E38929E7",
      "token" : "0x6001ebc",
      "native_offset" : "0x0",
      "filename" : "mscorlib.dll",
      "sizeofimage" : "0x46e000",
      "timestamp" : "0xa802d507",
      "il_offset" : "0x00071"
   }
,
  {
      "is_managed" : "true",
      "guid" : "B814B509-D4AD-406F-B40C-6C93E38929E7",
      "token" : "0x6001eba",
      "native_offset" : "0x0",
      "filename" : "mscorlib.dll",
      "sizeofimage" : "0x46e000",
      "timestamp" : "0xa802d507",
      "il_offset" : "0x00000"
   }
,
  {
      "is_managed" : "true",
      "guid" : "B814B509-D4AD-406F-B40C-6C93E38929E7",
      "token" : "0x00000",
      "native_offset" : "0x0",
      "filename" : "mscorlib.dll",
      "sizeofimage" : "0x46e000",
      "timestamp" : "0xa802d507",
      "il_offset" : "0x0002a"
   }

  ],
  "unmanaged_frames" : [
 {
    "native_address" : "unregistered"
  }
,
 {
    "native_address" : "unregistered"
  }
,
 {
    "native_address" : "unregistered"
  }
,
 {
    "native_address" : "unregistered"
  }
,
 {
    "native_address" : "unregistered"
  }
,
 {
    "native_address" : "unregistered"
  }
,
 {
    "native_address" : "unregistered"
  }
,
 {
    "native_address" : "unregistered"
  }
,
 {
    "native_address" : "unregistered"
  }
,
 {
    "native_address" : "unregistered"
  }
,
 {
    "native_address" : "unregistered"
  }
,
 {
    "native_address" : "unregistered"
  }
,
 {
    "native_address" : "unregistered"
  }
,
 {
    "native_address" : "unregistered"
  }
,
 {
    "native_address" : "unregistered"
  }
,
 {
    "native_address" : "unregistered"
  }
,
 {
    "native_address" : "unregistered"
  }
,
 {
    "native_address" : "unregistered"
  }
,
 {
    "native_address" : "unregistered"
  }
,
 {
    "native_address" : "unregistered"
  }
,
 {
    "native_address" : "unregistered"
  }
,
 {
    "native_address" : "unregistered"
  }
,
 {
    "native_address" : "unregistered"
  }
,
 {
    "native_address" : "unregistered"
  }
,
 {
    "native_address" : "unregistered"
  }
,
 {
    "native_address" : "unregistered"
  }
,
 {
    "native_address" : "unregistered"
  }
,
 {
    "native_address" : "unregistered"
  }
,
 {
    "native_address" : "unregistered"
  }
,
 {
    "native_address" : "unregistered"
  }
,
 {
    "native_address" : "unregistered"
  }
,
 {
    "native_address" : "unregistered"
  }
,
 {
    "native_address" : "unregistered"
  }
,
 {
    "native_address" : "unregistered"
  }
,
 {
    "native_address" : "unregistered"
  }
,
 {
    "native_address" : "unregistered"
  }
,
 {
    "native_address" : "unregistered"
  }
,
 {
    "native_address" : "unregistered"
  }
,
 {
    "native_address" : "unregistered"
  }
,
 {
    "native_address" : "unregistered"
  }

 ]
},
{
  "is_managed" : false,
  "offset_free_hash" : "0x0",
  "offset_rich_hash" : "0x0",
  "crashed" : false,
  "native_thread_id" : "0x7000090e3000",
  "thread_info_addr" : "0x7f8641817e00",
  "thread_name" : "Finalizer",
  "ctx" : {
    "IP" : "0x7fff6b96b246",
    "SP" : "0x7000090e2d88",
    "BP" : "0x7000090e2e30"
 },
  "unmanaged_frames" : [
 {
    "native_address" : "unregistered"
  }
,
 {
    "native_address" : "unregistered"
  }
,
 {
    "native_address" : "unregistered"
  }
,
 {
    "native_address" : "unregistered"
  }
,
 {
    "native_address" : "unregistered"
  }
,
 {
    "native_address" : "unregistered"
  }
,
 {
    "native_address" : "unregistered"
  }
,
 {
    "native_address" : "unregistered"
  }
,
 {
    "native_address" : "unregistered"
  }
,
 {
    "native_address" : "unregistered"
  }

 ]
}
]
}